time,equity,cash,open_positions,exposure
1791007260,10000.0,10000.0,0,0
1791007260,10000.0,10000.0,0,0
1791010860,10000.0,10000.0,0,0
1791014460,10000.0,10000.0,0,0
1791018060,10000.0,10000.0,0,0
1791021660,10000.0,10000.0,0,0
1791025260,10000.0,10000.0,0,0
1791028860,10000.0,10000.0,0,0
1791032460,10000.0,10000.0,0,0
1791036060,10000.0,10000.0,0,0
1791039660,10000.0,10000.0,0,0
1791043260,10000.0,10000.0,0,0
1791046860,10000.0,10000.0,0,0
1791050460,10000.0,10000.0,0,0
1791054060,10000.0,10000.0,0,0
1791057660,10000.0,10000.0,0,0
1791061260,10000.0,10000.0,0,0
1791064860,10000.0,10000.0,0,0
1791068460,10000.0,10000.0,0,0
1791072060,10000.0,10000.0,0,0
1791075660,10000.0,10000.0,0,0
1791079260,10000.0,10000.0,0,0
1791082860,10000.0,10000.0,0,0
1791086460,10000.0,10000.0,0,0
1791090060,10000.0,10000.0,0,0
1791093660,10000.0,10000.0,0,0
1791097260,10000.0,10000.0,0,0
1791100860,10000.0,10000.0,0,0
1791104460,10000.0,10000.0,0,0
1791108060,10000.0,10000.0,0,0
1791111660,10000.0,10000.0,0,0
1791115260,10000.0,10000.0,0,0
1791118860,10000.0,10000.0,0,0
1791122460,10000.0,10000.0,0,0
1791126060,10000.0,10000.0,0,0
1791129660,10000.0,10000.0,0,0
1791133260,10000.0,10000.0,0,0
1791136860,10000.0,10000.0,0,0
1791140460,10000.0,10000.0,0,0
1791144060,10000.0,10000.0,0,0
1791147660,10000.0,10000.0,0,0
1791151260,10000.0,10000.0,0,0
1791154860,10000.0,10000.0,0,0
1791158460,10000.0,10000.0,0,0
1791162060,10000.0,10000.0,0,0
1791165660,10000.0,10000.0,0,0
1791169260,10000.0,10000.0,0,0
1791172860,10000.0,10000.0,0,0
1791176460,10000.0,10000.0,0,0
1791180060,10000.0,10000.0,0,0
1791183660,10000.0,10000.0,0,0
1791187260,10000.0,10000.0,0,0
1791190860,10000.0,10000.0,0,0
1791194460,10000.0,10000.0,0,0
1791198060,10000.0,10000.0,0,0
1791201660,10000.0,10000.0,0,0
1791205260,10000.0,10000.0,0,0
1791288060,10000.0,10000.0,0,0
1791288060,10000.0,10000.0,0,0
1791291660,10000.0,10000.0,0,0
1791295260,10000.0,10000.0,0,0
1791306060,10000.0,10000.0,0,0
1791316860,10000.0,10000.0,0,0
1791327660,10000.0,10000.0,0,0
1791334860,10000.0,10000.0,0,0
1791334860,10000.0,10000.0,0,0
1791338460,10000.0,10000.0,0,0
1791360060,10000.0,10000.0,0,0
1791388860,10000.0,10000.0,0,0
1791406860,10000.0,10000.0,0,0
1791421260,10000.0,10000.0,0,0
1791446460,10000.0,10000.0,0,0
1791475260,10000.0,10000.0,0,0
1791493260,10000.0,9717.25,5,282.75
1791507660,10000.0,9717.25,5,282.75
