time,asset,kind,side,question,token,z72,z720,fair,best_ask,result
1791493260,xrp,barrier,YES,xrp dip 1.2,101235080267211258290436500938427772273559399330191423935393139198308329492554,2.573,-0.373,0.4423,0.38,成交
1791493260,xrp,barrier,NO,xrp reach 1.6,12680809065491988337874208955670456738043098771807004367911408324823879422712,-2.573,-0.373,0.8483,0.72,成交
1791493260,xrp,terminal,NO,xrp above 1.4,55963143157377970444231988468380687969421467746267301250147621882501843373975,-2.573,-0.373,0.8783,0.69,"可成交金额不足(cap=$0, 24h量=$0)"
1791493260,xrp,barrier,NO,xrp reach 1.4,33269122649024913708655390671421276304880920945479465007032893113922496572519,-2.573,-0.373,0.7188,0.99,"可成交金额不足(cap=$0, 24h量=$0)"
1791493260,xrp,barrier,YES,xrp dip 1.3,32896186742247342161609192036851200145982233153669230975435284699202555783888,2.573,-0.373,0.243,0.046,成交
1791493260,xrp,terminal,NO,xrp above 1.3,109202561326277353385271703907158326838973283629381404472935135258567729418776,-2.573,-0.373,0.2932,0.102,成交
1791493260,xrp,terminal,NO,xrp above 1.3,90321245801830614046537418107217944751078127267451528813427234836357294131998,-2.573,-0.373,0.3518,0.183,"可成交金额不足(cap=$0, 24h量=$0)"
1791493260,xrp,terminal,NO,xrp above 1.4,59405967163897305805603491386683396506337982377369074049378391692819893877919,-2.573,-0.373,0.7756,0.64,"可成交金额不足(cap=$0, 24h量=$0)"
1791493260,xrp,terminal,NO,xrp above 1.3,49034066132287590415521124020840562199597085258240121370346423486069803430692,-2.573,-0.373,0.2157,0.045,"可成交金额不足(cap=$24, 24h量=$244)"
1791493260,xrp,barrier,NO,xrp reach 1.4,71600832247803349183918640757112949457681645907337058545255861336018557720452,-2.573,-0.373,0.3194,0.76,"可成交金额不足(cap=$0, 24h量=$0)"
1791493260,xrp,terminal,NO,xrp above 1.4,79891380681355181411070098024363397175648981423673828500441059903511915726493,-2.573,-0.373,0.8155,0.65,"可成交金额不足(cap=$0, 24h量=$0)"
1791493260,xrp,terminal,NO,xrp above 1.4,90754984931854290744575338887429659571673589775448022898959700850624121370068,-2.573,-0.373,0.8429,0.67,"可成交金额不足(cap=$0, 24h量=$4)"
1791493260,xrp,terminal,NO,xrp above 1.3,70304898682667397294483345987944267779798959713896615913379542686029699325534,-2.573,-0.373,0.3671,0.23,"可成交金额不足(cap=$0, 24h量=$0)"
1791493260,xrp,terminal,NO,xrp above 1.3,41806208454864983194039375159686789489664265178529086530678687434186599042950,-2.573,-0.373,0.3296,0.137,"可成交金额不足(cap=$0, 24h量=$0)"
1791493260,xrp,barrier,YES,xrp dip 1.3,76676581913739976544554042765173509097084934630917737272588238488215154585617,2.573,-0.373,0.6837,0.268,成交
1791493260,xrp,terminal,NO,xrp above 1.4,101631381967937375932967922463255940479594008721990222450465057057303196746961,-2.573,-0.373,0.7936,0.65,"可成交金额不足(cap=$0, 24h量=$0)"
1791493260,xrp,terminal,NO,xrp above 1.3,39495330699997791513856545727321199256945617425346111512024093277929328109765,-2.573,-0.373,0.3784,0.26,"可成交金额不足(cap=$0, 24h量=$0)"
1791493260,xrp,terminal,NO,xrp above 1.3,85030006927678172849432846600214356604876194483702155218301392896957032981022,-2.573,-0.373,0.3873,0.28,"可成交金额不足(cap=$0, 24h量=$0)"
