signal_t,token,question,paper_fill,v3_fill,diff
1791493260,101235080267211258290436500938427772273559399330191423935393139198308329492554,xrp dip 1.2,0.38,,
1791493260,12680809065491988337874208955670456738043098771807004367911408324823879422712,xrp reach 1.6,0.7275,,
1791493260,55963143157377970444231988468380687969421467746267301250147621882501843373975,xrp above 1.4,,,
1791493260,33269122649024913708655390671421276304880920945479465007032893113922496572519,xrp reach 1.4,,,
1791493260,32896186742247342161609192036851200145982233153669230975435284699202555783888,xrp dip 1.3,0.0462,,
1791493260,109202561326277353385271703907158326838973283629381404472935135258567729418776,xrp above 1.3,0.102,,
1791493260,90321245801830614046537418107217944751078127267451528813427234836357294131998,xrp above 1.3,,,
1791493260,59405967163897305805603491386683396506337982377369074049378391692819893877919,xrp above 1.4,,,
1791493260,49034066132287590415521124020840562199597085258240121370346423486069803430692,xrp above 1.3,,,
1791493260,71600832247803349183918640757112949457681645907337058545255861336018557720452,xrp reach 1.4,,,
1791493260,79891380681355181411070098024363397175648981423673828500441059903511915726493,xrp above 1.4,,,
1791493260,90754984931854290744575338887429659571673589775448022898959700850624121370068,xrp above 1.4,,,
1791493260,70304898682667397294483345987944267779798959713896615913379542686029699325534,xrp above 1.3,,,
1791493260,41806208454864983194039375159686789489664265178529086530678687434186599042950,xrp above 1.3,,,
1791493260,76676581913739976544554042765173509097084934630917737272588238488215154585617,xrp dip 1.3,0.268,,
1791493260,101631381967937375932967922463255940479594008721990222450465057057303196746961,xrp above 1.4,,,
1791493260,39495330699997791513856545727321199256945617425346111512024093277929328109765,xrp above 1.3,,,
1791493260,85030006927678172849432846600214356604876194483702155218301392896957032981022,xrp above 1.3,,,
